Novotel London Excel,Sul,25-34,man,,4,17 November 2018,Cool Place,"November 2018, travelled as a couple","It's a cool place. I drove in to London so I can't say what the public transport is like getting here but driving, is not very far from the A2 if you're coming in from the East. Parked at the hotel, seemed secure and it was. Check in was fine. I would say customer service is excellent. The lady called 'Sahara' was very professional and helpful. The room was really awesome. I was worried at first by the window from the bathroom to the bedroom, but realised you could switch the glass on to cloud the window. I've had better sleeps, and the bed was ok, not great. Size was good but my back was a bit painful. The breakfast was very good. Lots of choice. The hotel at the rear offers views of the river and planes regularly fly over as it is near London City Airport. This was cool. I would stay here again."
Novotel London Excel,7gpp,,,"Victoria,",5,17 November 2018,Exam Time,"November 2018, travelled on business","I booked a 5 day stay for my daughter who was doing an exam at the Excel Centre, Sahara (reception) very kindly organised a quiet room for her and it was perfect. At the end of the 5 days my daughter said the food was great, service superb and would certainly stay there again."
Novotel London Blackfriars,Anders R,35-49,man,"Hoersholm Municipality,",5,19 November 2018,Great fun and friendly staff,"November 2018, travelled as a couple","Great hotel with excellent service in both reception, restaurant staff and in particular bar staff. I must single out Christian, who gave really professional and extra service to our company of 8 pers."
Novotel London Excel,rokoroart,50-64,man,"Bristol, United",5,19 November 2018,Wonderful place to stay,December 2017,"I have had occasion to stay at the Novotel a few times over the years, and I think that this hotel is top notch. The rooms are spacious for London, always very clean and stylish. The front desk personnel are professional and friendly. The hotel parking is a real plus if you are staying for business because it is conveniently located near the entrance to the Excel, and it not too expensive for the daily rate. The restaurant is nothing special and the fitness center is small and basically equipped, but otherwise I think the hotel is terrific. Will definitely be staying there again in the future."
InterContinental London - The O2,Maps60087346834,,,,5,19 November 2018,Birthday Celebration,"November 2018, travelled with family","I would like to say a massive thank you to Becky Hammond my birthday event planner and her team that supervised my birthday. You all did a fantastic job to make things easy for me which contributed to the success of the event. The food was delicious and was served on time. The team helped to set up the floor plan on time which was mapped out by Becky. If i had any question, i could drop Becky an email and she will reply within 24hours. I liked my room and I had little surprise cake from the hotel in the room. That was beautiful!  Thank you again Becky. Rume."
InterContinental London - The O2,4258,,,"Stockholm,",2,19 November 2018,"Good facility, but very poor service","November 2018, travelled on business","Rooms, restaurangs and bars are average/good. However, service is very poor. Not unfriendly, but way too slow (always). Staff is ok, but too few. 20 minutes to get a coffee in the morning. To get a drink in the bar in the evening also took a very long time (we gave up one evening). Sky bar on 18th floor different - lot's of service and friendly faces."
InterContinental London - The O2,AlanF,25-34,man,"St Andrews, United",5,7 November 2018,"Excellent Hotel, Amazing Breakfast & Free Shuttle to the tube station","November 2018, travelled on business",
InterContinental London - The O2,Maps52666184759,,,"Leeds, United",5,19 November 2018,Stunning hotel with fab staff,"November 2018, travelled with friends","Check in staff were really lovely and helpful. The room was clean and spacious and felt luxurious. the location was perfect for attending the O2, just a short, mostly under cover, walk.  We loved having drinks in the Sky Bar too! Room rates are a bit pricey though!"
Novotel London Excel,GreenholmeBee,50-64,man,"Yateley, United",5,17 October 2018,Where Do I Start?,"October 2018, travelled as a couple",
Novotel London Excel,zakiabouhali,,,"Marrakech,",5,18 November 2018,Nice Room,"November 2018, travelled on business","The rooms become very nice after renovation. All team is professional and very helpful. I love too the restaurant view, good breakfast. Thank you to the general manger, who is always available for the hotel guests. "
Novotel London Blackfriars,philkay2017,,,"Torquay, United",5,13 November 2018,Understated excellence,"November 2018, travelled as a couple","We stayed for 2 nights. The room was comfortable and had everything needed - coffe & tea , a mini fridge with bottled water, hairdryer,  toiletries (however for a double room with 2 occupants only one of each!) There were smart devices for music etc, but the TV was a little confusing if you were searching for something.  The rain shower was fabulous - but an idea of how to change the temperature would be nice. We almost scalded ourselves whilst working it out. On the plus side, the water is really hot.  Breakfast seemed extrermely expensive, so we ate out.  The ironing board & iron was a great touch. The staff all seemed helpful, but not always easy to understand the accents.  The lack of parking was a downside for us, but Cornwall rd  underground parking was not too far away.  The lack of a well marked off loading point was a down side.  The hotel is nice and central and within walking distance of the London Eye etc.  The PWB Pub across the road has great food at reasonable prices too."
Novotel London Blackfriars,LÄ«na T,,,,2,9 November 2018,"Hotel is great, service is under average","November 2018, travelled on business",
Novotel London Blackfriars,Globehoppering,35-49,man,"Ottawa,",5,26 July 2018,Great Base to Explore London with Family,"July 2018, travelled with family","We chose this hotel because I am an Accor Platinum member and got a good rate on a room for 4 nights. This is one of the only central London hotels that will accommodate a family of 4 in a non-suite style room.  I was not sure what to expect but was pleasantly surprised with the stay. First and foremost, the hotel was pretty much full but our room was quiet and we were not once woken up by hallway or adjoining room noise. Furthermore, our two sons both had  cot-style beds in the room beside our Queen and all were more comfortable than I feared they might be.  Our towels were refreshed daily and there were no issues with any services during our stay. Additionally, breakfast was included in our rate and the Jamboree restaurant downstairs puts on a good spread each morning that will satisfy all tastes. This provided a great start to each day before we ventured out into the city. Overall, this hotel suited our purposes perfectly. A comfortable stay, friendly staff, and attentive service at a very good price. Also, I happen to love Southwark as a neighbourhood when I stay in London for work - a little less touristy but still very central to everything"
Novotel London Blackfriars,PatriceGVA,,,,5,19 November 2018,Top hotel,"November 2018, travelled on business","Top hotel for all purposes. Location, accommodation, services, clean so all good for what you pay. Be advised to get a room in the upper floors and away from elevators. Ideally situated for business purpose as not far from majors business sites"
Park Grand Paddington Court,DayTrip690892,,,,5,17 November 2018,Beautiful Hotel and lovely staff,"November 2018, travelled solo",I came to this hotel on the 08.11.18 for an over night stay and the staff were so accommodating and friendly it was lovely to see. The hotel is lovely and room was really nice and modern. Breakfast was good and staff were also very helpful and Zdravko organised a taxi for me to the hospital and helped with my luggage. Thanks so much. I would defiantly reccomend a stay at this vibrant and friendly London hotel. Not to far from train station 6 min walk max.
InterContinental London - The O2,Voyager52764125233,,,,5,19 November 2018,Exceptional stay,"November 2018, travelled with family","Amazing hotel, staff polite and always accommodating. Beautiful views and good links to London city. Breakfast range and quality 5 star. Perfect stay for O2 access. Guests must try eighteenth bar at night.   "
Park Grand Paddington Court,RatchetAce,,,"Exeter, United",3,19 November 2018,Some problems that were eventually settled to my satisfaction,"November 2018, travelled as a couple","I think my title says it all.  Don't want to go into any detail as things were eventually resolved. Not a romantic hotel!  Location is good, didn't find the bar or eat other than breakfast.  Hotel very busy."
Park Grand Paddington Court,Bagna B,,,,5,18 November 2018,Amazing Hotel,"November 2018, travelled on business","I didn't know what to expect when I first booked the Park Grand Paddington.  I normally stayed in other neighborhoods in London that I was more familiar with.  From here on out I will only stay at this hotel.  They had my room ready early, all of the hotel patrons were incredibly nice.  Particularly Kanisha at the front desk who not only recognized that it was my birthday but also had the turn down crew make my towels in the shape of a birthday cake and left the nicest birthday note.  This is not the type of service you would expect in most hotels in most major cities world wide.  To say I was pleasantly surprised would be an undersell.  Thank you so much Kanisha and the staff of the Park Grand."
Park Plaza Westminster Bridge London,Lovingit_12,35-49,woman,"Newbury, United",5,19 November 2018,We will be back,"November 2018, travelled as a couple","We paid for a superior king sized room and we were upgraded for free to a studio room.  We had a lounge, kitchenette, in addition to the usual bedroom.  Loved the modern, clean decor.  This studio room would suit us if we returned with our two kids, as the bathroom is situated between the bedroom and lounge and therefore gives you some privacy.  The beds and pillows were really comfortable and the staff were all really helpful.  We did not eat here and we had breakfast each day at giraffe on the southbank.  Would happily come back."
Park Grand Paddington Court,NIMLO,,,"Coventry, United",5,9 August 2018,Absolutely exceptional!!!! ,"August 2018, travelled on business","Excellent rooms, service and location!  As a frequent resident at this hotel (more like a second home for me), any words I write do not justify how fabulous the hotel and the team are.  The staff members make this hotel that extra bit special, they are always willing to assist and go above and beyond any hotel I have ever stayed it. The rooms are perfectly proportioned and equipped with everything you would need when away from home.  Location is great, no more than a 5 minute walk from Paddington and close to so many restaurants and cafes.  Breakfast is pretty good too. All you need really to start off your day well!  Particular thanks to Luanne, Dario & Sonika. I donâ€™t even need to provide my name, I walk in, greeted with a smiling team who gave memorised my name! If I could give more then 5 stars I would!!! Thank you again to all at Park Grand Paddington Court! "
Park Plaza Westminster Bridge London,C D,,,"Philadelphia,",5,24 October 2018,Ready to move-in,"October 2018, travelled with family","We are a family of 4 adults who had a fabulous stay at this hotel on our first trip to London.  We did not want to get separate hotel rooms and this was the only hotel I could find in central London that offered suite accommodations of 2 bedrooms with 2 baths.  We also took advantage of the breakfast package which included a daily breakfast either in the dining room or via room service.  Since we had a suite, the room service breakfast was perfect, served right in our room, and offered us more time to prepare for our days of sightseeing.  We found everything beyond our expectations and were ready to stay at the end of our week long visit.  Also, the concierge desk staff helped guide us through our stay which made travelling much easier. Our 2 bedroom, 2 bath suite with terrace was on the 13th floor and offered everything we could have hoped for.  We look forward to returning someday! Finally, we found the location to be ideal.  A bit quieter than the usual touristy sections while still close walking distance to many sights, the Big Bus Hop On Hop Off, the underground and Waterloo Train Station which we used for a day trip to Windsor."
Park Plaza Westminster Bridge London,Rodolphe_Hector,,,,5,19 November 2018,Incredible experience !!!,"September 2018, travelled with family","My daughter and I absolutely loved our stay at Park Plaza Westminster Bridge. firstly! You can easily save money here: maxdeals.ml  The rooms were very clean, the breakfast very delicious. very friendly staff with a better experience, always smiling!"
Park Plaza Westminster Bridge London,Getaway61776861851,,,,4,19 November 2018,"Great Hotel, Centrally Located but comes at a cost","November 2018, travelled on business","Everyone was very friendly from start to finish. I was here for the business summit from Canada and we got 3 rooms. Accommodated most requests, also asked for adjoining rooms but they must have forgotten when gave the higher floor. We didnt really mind or ask to switch as we were having fun running around the city. Great location to explore and internet works great from our rooms on the top floor. Kinda disappointing that breakfast wasn't included in the room prices as it was fairly expensive. Expected for the location but still. (Might be a Canada thing) Everything else was great. "
Park Grand Paddington Court,Monica C,,,"London, United",5,19 November 2018,Great,"November 2018, travelled with friends",I've been a few days with friends and it was an excellent choice for the occasion. I felt myself at home. Great staff great breakfast and great room  . A special thanks to Dario for taking care of us. Thank you 
K+K Hotel George,Sara H,,,,5,19 November 2018,Fantastic stay!,"September 2018, travelled with family",I was lucky enough to spend four nights with my parents at the K+K George in Earl's Court in September. We loved loved loved staying there.  The gardens in the back are peaceful and lovely.  The breakfast buffet was a highlight.  We loved our rooms.  But what was so special was how Dasha and Andreea took care of us!  It also helped how very very close this location is to the Earl's Court tube.  Can't wait to go back!
K+K Hotel George,Firas El Dib,25-34,man,"Beirut,",5,19 November 2018,Classical hotel in Earl's court,November 2018,Friendly and helpful staff...fast check-in and check-out...nice rooms...complimentary bottles of water....nice garden...excellent location in Earl's court...only 2 minutes away from the underground... and finally a lot of pubs/restaurants/cafes next to the hotel
Hampton by Hilton London Waterloo,Scot A,,,"Washington DC, District of",3,16 November 2018,It'll do but look around you can do better,"November 2018, travelled on business","Access to the underground Waterloo and Southwark was good but you are on the other side of the Thames so the price should have been cheaper than the $350/ night I paid Neighborhood is rundown with limited good food/ pub options. Their breakfast is unpalatable Don't get me wrong I have it 3/5 because it's clean, I got Hilton points, internet was strong and service was pretty solid. You can just do better."
Hampton by Hilton London Waterloo,MissRoadTrip,25-34,woman,"Maastricht,",5,11 November 2018,"Excellent hotel, great stay!","November 2018, travelled as a couple","Excellent service, nice location (max 5 minutes walk to metro station), nice restaurants nearby, great neighborhood (also safe after dark), good breakfast with variety and choice, room was spacious as far as is possible in london, bed excellent, room clean and modern, hotel staff very friendly and helpful. Early check-in at about 11am in the morning already possible. On the day of departure, we could safely store our luggage the entire day after check-out and pick it up later. Our room had beautiful views from the 7th floor over the city. Rooms were not noisy, this in contrast to some other reviews. What could be heard in the morning was the water pipes when neighbors showered. Neighborhood around hotel also nice to see / walk around. Within fifteen minutes you find yourself on the Queen's walk along Thems, here also nice restaurants and bars. Half an hour walk from hotel to Big Ben / Westminster Abbey. Would recommend!"
K+K Hotel George,Sewobsessed,,,"Nashville,",5,19 November 2018,Pleasant surprise,"November 2018, travelled with family","What a pleasant surprise...It's really unique.  When we first got there, I was a little surprised at how small the room was relative to what I am used to in the US. However, it was spotless.  I mean really clean.  Housekeeping staff was great every day of an 8 night stay and the breakfast buffet was well attended to.  Front desk staff went out of their way to be helpful.  The bar downstairs was wonderful after a long day as the kitchen is open and they had a surprisingly good burger.  It is right next to the Earls Ct tube station which is a straight shot to the Tower of London and Westminster.  It is also one block from Starbucks, McDonald's, some small grocery stores and multiple restaurants.  Really made our trip....."
K+K Hotel George,Mark P,,,"Los Angeles,",5,1 October 2018,Great Hotel,"September 2018, travelled as a couple",
Park Grand London Hyde Park,Alaa Ahmed A,,,,5,15 November 2018,Good stay,"November 2018, travelled on business",I booked for 6 nights and hotel is near Paddington station. Hotel served nice grilled lamb chops in the restaurant and service is nice .staff is very nice and attentive .rooms are smaller but nicely decorated with lovley looking interior . Nice place to visit again if back to UK
Park Grand London Hyde Park,Showmethemoneyjules,,,,5,13 November 2018,Most enjoyable weekend,"November 2018, travelled with family","Came here for daughters 16th birthday weekend.  From the time we pulled up outside until we left, the staff couldnâ€™t have been more helpful. So polite and accommodating- nothing was too much trouble. The room was lovely and comfortable, very clean and modern. Not that we intended spending much time in it!  Hotel location was perfect, and at a brilliant price. Had such a good weekend and staying here was icing on the cake. Will stay here again. And extra thanks to Lucian who could not do enough to help from the moment we pulled up to the door. Thank you so much."
Park Grand London Hyde Park,Amalia E,,,,5,12 August 2018,fantastic staff and excellent customer services ,"August 2018, travelled as a couple","Its always a bargain when staying at park grand . Prices are very reasonable . i have been visiting for few times and so far no complaints.  rooms are always comfortable and the bathroom spotless.  we both love their chicken panini and curry which serves during evening .  Mr Sakar whoâ€™s the manager of the hotel always goes out of his way to assist us .  i would like to thank Aaron , dimitri, florin , Anthony and Andreea.  cheers "
Park Grand London Hyde Park,maria lucia g,,,,5,19 November 2018,Shopping trip,"November 2018, travelled solo","Great stay, Everything was awesome. The staff is very nice and friendly.   Room is neat and clean. Lâ€™hotel Ã¨ vicino a hyde park, ben collegato al centro (oxford circus, buckingam palace). Nella zona ci sono vari ristoranti, molti italiani."
Park Grand London Hyde Park,Sam,,,"Jersey, United",5,19 November 2018,"Nice rooms, helpful staff and great location","November 2018, travelled with friends","Stayed with a group of 12 friends for one night, after our previous hotel let us down on the last night. I wish we stayed here for the whole trip.  The hotel is located in a quiet area, but only 5 minutes from the nearest tube station. The rooms were modern and clean and the staff were always smiling and happy to help. Thoroughly recommended.  I would definitely return. "
K+K Hotel George,map492017,,,"Orsay,",5,20 November 2018,Recent trip,"November 2018, travelled as a couple",The standard room was a bit small but fne for two people without much luggage.  The location couldn't have been better - just a very short walk from the tube station.  Breakfast was very good.  The hotel was very clean and well appointed.  The internet connection was excellent.  I would return to the hotel again.
Hampton by Hilton London Waterloo,hardingk,,,"Long Island, New",5,2 September 2018,Great Convenient Location and Good Value for London,"August 2018, travelled with family",
Hampton by Hilton London Waterloo,Mark R,,,"Middlesbrough, United",4,16 November 2018,Great location ,"November 2018, travelled on business","Great hotel in a really good location, just a few metres from the tube station. Room was spacious and clean. The breakfast was great with a lot of choice from waffles, fruit, cereal, continental meats and cooked English. The room was quiet. The only downside was the shower made a noise and I was woken up by the room next door using the shower. The staff were friendly and helpful."
Park Grand London Kensington,Fearless35333973680,,,,5,19 November 2018,What a weekend,"November 2018, travelled as a couple",My husband and I stayed this weekend to finish off our celebrations for our 30ths and we couldnâ€™t have picked a better hotel. From the moment we arrived the hotel could not be more accommodating and the little touches made all the difference. The rooms were spacious and comfortable. The breakfast had variety and just what you need to start the day before trekking around London. Fantastic hotel with fantastic staff in a great location. Just working out when we can go back. 
Park Grand London Kensington,Petermsaville,,,"Chester, United",5,18 November 2018,London break,"November 2018, travelled solo","This hotel is my first choice when in London for work or pleasure. It is smart ,very clean and has extremely helpful staff.it represents great value for such a good location being just a couple of stops on tube to Sloane sq and the famous shopping on the Kings road is about 20 minutes walk.it will be my first choice for next visit."
Park Grand London Kensington,Holiday,35-49,man,,5,1 September 2018,Ideal Gem,"August 2018, travelled as a couple","Just excellent in every way & great value. Perfect location on quiet road for Earlâ€™s Court tube & easy stroll to Kensington Park.  All staff were fantastic as well, nothing too much trouble. Rooms were immaculate & very well appointed! "
Park Grand London Kensington,Maranatha L,,,,5,19 November 2018,Wonderful stay & definitely coming back!,"October 2018, travelled as a couple","We ended our European anniversary vacation in London (October 2018) and we had an AMAZING stay! This hotel was great on price and the customer service exceeded my expectations! They had a anniversary surprise waiting on us in the room with a sweet card from the staff, super thoughtful! We ate breakfast at the hotel everyday and was worth it, such a large selection to choose from. Also, the hotel is so close to the train station making it was to commute to all the hot tourist places!  Cami, Mariana, and Gabi checked on us a few times to see how our stay was going and to ensure we were happy! Loved their restaurant recommendations that were nearby! Gabi at the front desk was super helpful when trying to help me figure out where to go to pick up my London Pass. Gabi was on the phone with Viatour and the London Pass company for about 30mins. going out of her way to help me during a frustrating situation.  I can not say enough amazing things about this hotel and their incredible service."
Park Grand London Kensington,Aron1389,,,,5,19 November 2018,5 stars,"November 2018, travelled as a couple",
Hampton by Hilton London Waterloo,daxb108,,,"Perth,",3,18 November 2018,Average,"November 2018, travelled with family","Excellent central location near Waterloo Station and the South Bank. Good helpful, friendly staff. Let down by the shower which did not drain properly and left us standing in a pool of dirty water at the end of the shower. The lifts did not work for guests and were still not repaired the next day (no signs to let us know) so we had to carry our luggage down the stairs. Not sure I would come here again."
The Royal Horseguards,ejbtraveler,,,"Naples,",5,15 November 2018,3 night stay,September 2018,Perfect location with all the amenities I needed.  But the location and the conceriege assistance were incredibly helpful.. with our time being limited we wanted to see the best!...and that is where Richard came to the rescue.  the standards of the Royal Horseguard were exquisite and the kindness shown by the front desk were a relief to these exhausted travelers.
The Royal Horseguards,Abi,35-49,woman,"Rugeley, United",5,14 November 2018,Wonderful hotel in a fabulous locations !,"November 2018, travelled as a couple",
Radisson Blu Edwardian New Providence Wharf Hotel,Marnie P,,,"Montreal,",5,8 November 2018,Super Relaxing,October 2018,Check-In - Flawless Noise Issues - Non Existent Bed - Out of this world Friendly and professional staff who were very accommodating. I had the best sleep in a long time. Black out curtains were fabulous. A good walk to the closest Underground as well (10-15 min).  Bath was extremely relaxing to be in with dispensers filled with what you need daily. I highly recommend this place to anyone.  I will most definitely be booking here again the next time I trip to London.  
Radisson Blu Edwardian New Providence Wharf Hotel,Amelia V,,,,4,8 November 2018,Great hotel with lovely views,"October 2018, travelled with friends","We used this hotel as we were visiting the O2 to see a show, the hotel is lovely and modern the staff were pleasant and helpful when needed, our room was lovely and had everything we needed. We went to eat in the restaurant and this was very disappointing, you walk in to a beautiful restaurant with excellent views of the Thames, but we waited 35mins for our drinks, after reminding the staff twice we finally got our drinks. Then when we went to order the food, half of the menu was not available. Breakfast wasnâ€™t much better, itâ€™s looks amazing, but the hot buffet is warm not hot. This hotel has potential to be great but unfortunately the restaurant let it down. Would stay again but eat somewhere else."
The Royal Horseguards,OnAir13943431622,,,,5,16 November 2018,A breath of fresh care and attention,"November 2018, travelled on business","I love this hotel. It is well located and provides everything I need for a lovely comfotable  stÃ y in London. Everything about makes me feel safe , welcome  and valued.The staff are friendly and helpful  and the standard never drops"
LUMA Concept Hotel Hammersmith London,Ric G,35-49,man,"London, United",5,13 November 2018,Amazing,"November 2018, travelled solo","This hotel is simply amazing, the bed and pillows are extremely comfortable, the room is new and clean, the shower is strong and nice and the staff is very friendly, and you get all that for a fraction of the price if compared to other hotels around Hammersmith."
LUMA Concept Hotel Hammersmith London,Lina C,,,,5,12 November 2018,Nice concept and friendly staffs,"October 2018, travelled with family","The hotel just a walking distance from the Underground Hammersmith Piccadilly and Circle & City Line stations, which is also a direct line from the Heathrow Airport. The hotel staffs are friendly and helpful. The room is a bit cramp, but the design is great to optimize the space. Most importanly it is clean! That is what I go for in choosing a hotel.  There are shops around the hotel, like Primark, Mark & Spencer and lots of eateries which is very convenience."
LUMA Concept Hotel Hammersmith London,KidultCool,,Woman,"Hong Kong,",4,10 November 2018,Energetic support team with quick response,October 2018,
The Royal Horseguards,gatrickp,,,"Dubai, United Arab",5,17 November 2018,Excellent location and value,"November 2018, travelled on business","So itâ€™s central London - itâ€™s never going to be cheap. But compared to other similar properties nearby, this is always my go to for central London. Decent bars (including a secret garden) mean the evenings are catered for as well"
LUMA Concept Hotel Hammersmith London,Carroll K,,,"Cork,",5,8 September 2018,Super Central Hotel,"September 2018, travelled as a couple","We spent a night at the luma Concept and would highly recommend, so near transport links restaurants and pubs. The staff were so accomadating and friendly especially a lovely lady who saw us going to change in the hotel bathrooms for our daughters graduation as we were so early our room was not ready. She quickly found us another room, it was very much appreciated. 5 stard from us!!"
The Royal Horseguards,NomadicLass,35-49,woman,,3,18 November 2018,Not worth the price tag,"November 2018, travelled with friends",
LUMA Concept Hotel Hammersmith London,nummelus,50-64,man,"Dubai, United Arab",4,14 November 2018,Nice experience,"November 2018, travelled on business","Good location, near the metro station of Hammersmith. Concept hotel: you will be surprised by the concept of design of room and services. Very original. Not really appreciated the concept used for the simple breakfast served in a brown bag. The surrounding area is not so nice."
Radisson Blu Edwardian New Providence Wharf Hotel,Laura,,,,5,11 November 2018,Fantastic stay,"November 2018, travelled as a couple","This hotel is just flawless! We enjoyed every single minute of it. We was greeted by Ruth who just went out of her way from the very beginning. She made our birthday celebrations even better! Lovely views, comfy beds and big bathrooms so cosey that you do not want to leave your room."
Grange Tower Bridge Hotel,Sarah H,,,,5,14 November 2018,Definitely go back!,"November 2018, travelled as a couple","I booked this hotel for my partner's birthday present and we both enjoyed ourselves so much. We had a couple's spa treatment, room service and breakfast. It was all amazing and we had a fabulous time. Our room on the 11th floor had an amazing view and comfortable bed. He was very happy with his gift and we will be staying here again."
Grange Tower Bridge Hotel,SD2695,,"Manchester,","Manchester, United",4,17 November 2018,Bit far out for tourists!,"November 2018, travelled as a couple","Lovely, clean spacious rooms. Pool and gym facilities were amazing. It was just a shame it was placed a bit far from the touristy places. Spent more money in taxiâ€™s than we did on the room cost!  They had a big restaurant and a little bar near the lobby.  Would look to book another Grange hotel in the future!"
Grange Tower Bridge Hotel,Anne M,,,"Leicester, United",3,19 November 2018,Pleasant Hotel - Massive Language Barrier,"November 2018, travelled with friends","We stayed here as a group for a weekend as a group of friends.  We arrived at lunchtime, too early to get into our rooms, staff were happy to store our luggage which allowed us time to explore London. Our rooms were clean and well equipped, nice bath and shower, tea and coffee making facilities and lots of sockets for computer equipment etc.  Rooms had efficient air conditioning. Breakfast time was busy and we were seated quickly.  Continental and full cooked breakfast was available with freshly cooked fried eggs and omelettes.  Our only disappointment with breakfast was the orange juice which was heavily watered down. The bar area was pleasant enough but queuing was an issue, mainly due to a massive language barrier.  The bar staff spoke very little English and our drinks orders were often incorrect e.g. my husband asked for a pint of Heineken and a Guinness was poured! The hotel is in a reasonable location, with a few bars and restaurants close bar, nearest tube 5 - 10 minutes walk away. Again once we checked out we were able to leave our luggage at the hotel, which enabled us to make the most of our stay."
Grange Tower Bridge Hotel,Clutters01,35-49,man,"Cheltenham, United",5,20 November 2017,"Clean, modern and functional central London 5 star","November 2017, travelled solo",
Radisson Blu Edwardian New Providence Wharf Hotel,jamhelz,,,,5,18 November 2018,Lovely!,"November 2018, travelled with family","We stayed here for one night and could not fault our stay. The staff were very friendly and helpful (especially Dale). Nothing was too much trouble.  We had lunch in the conservatory which was plentiful and tasty. Breakfast was also plentiful with lots of variety. Amazing views of the Thames and the o2, we spent ages watching the boats go by! Itâ€™s also a great location for getting about - just a 5 minute walk to East India DLR. I hope we will stay again."
Grange Tower Bridge Hotel,Christanm,,,"Norwich, United",4,20 November 2018,"Great hotel, great location","November 2018, travelled with friends",Stayed for one night over the weekend of the 11th November. Great location and easy to get to from the station. Reception staff all friendly and room suitable for what I needed. All very clean and totally no issues at all during are stay. Recommended 
DoubleTree by Hilton Hotel London -Tower of London,Gordon_SingSco,,,"Singapore,",3,15 November 2018,"Great location, friendly but overpriced","October 2018, travelled on business",
London House Hotel,David B,65+,man,"Leicester, United",4,12 November 2018,Good Choice For Those On A Budget,"November 2018, travelled as a couple","London is very expensive. On  our last visit we stayed in a Hub with barely enough room to move. This time I found this hotel at a remarkable price, really, and decided to try it. The room was in the basement. Very little natural light. It was a reasonable size with all the usual facilities. It was clean and very functional and much better than a Hub. The area, Bayswater, is fantastic. It has absolutely everything you need right on your doorstep, and excellent transport links. We really did London extremely cheaply, using this hotel, and eating from the many outlets on our doorstep, and had a fantastic time. We even managed to get Â£6 train tickets from Rugby station to Euston, and use our bus passes to get around. That just about made up for the cost of the tickets to see Hamilton. Another story."
DoubleTree by Hilton Hotel London -Tower of London,jamesmccart,,,"Greater London, United",5,16 November 2018,Great!,"September 2018, travelled on business","Very professional and friendly staff, attentive and catered to every need. Rooms are clean and very comfortable. Hotel itself is situated nicely in the city very easy to get around. Recommend this hotel highly!"
London House Hotel,Christine B,,,,2,10 November 2018,Tiny rooms,"October 2018, travelled as a couple","While the location was excellent, our room was so tiny we could barely walk around the bed (which was a double, not a queen), without walking into the free-standing wardrobe.  Absolutely no room for anything else and the room was directly opposite the lift.  Every single noise was heard and the bed was the most uncomfortable I have ever slept in. So lumpy and hard, if you have a back condition (which I do), you can't sleep well at all.  The breakfast was very mediocre and not worth the extra we paid for it.  I would not stay there again."
London House Hotel,Radstock45,,,,5,19 November 2018,Lovely stay,"November 2018, travelled with friends","A lovely clean bright hotel great location easily accessible to centre of London would highly recommend it area quiet at night lots of resteraunts, shops  and bars on the high street which is a 2 minute walk"
DoubleTree by Hilton Hotel London -Tower of London,Joseph B,,,"New York City, New",5,17 November 2018,DoubleTree Tower of London,"November 2018, travelled as a couple","Stayed at the DoubleTree London Tower, and it was awesome.  We found the room to be great, and they got us in early.  The food was good, everything clean.  Great roof top bar, and theyâ€™re close to everything.  The Front Desk staff was awesome, and everyone was extremely professional.  Great location in the Financial District.  Also, nice restaurant attached to the hotel."
DoubleTree by Hilton Hotel London -Tower of London,SansAlcohol,,,,5,9 October 2018,Great 2 night stay,"October 2018, travelled as a couple","We had a weekend in London and stayed at this hotel. Its in a great location and very close to the Tower Hill tube station so its easy to get around the city. We were checked in quickly and given a welcome cookie. Our room was a little smaller than other Doubletree hotels we have stayed in, but it was nice and clean and comfortable. The cleaning staff were really helpful. We didn't eat at the hotel so I cant comment on the food - I looked at the breakfast menu and I thought it was a bit overpriced. I did have a couple of drinks in the hotel bar near the entrance - both were nice, served quickly by nice waiters.  We would definitely stay here again"
Kimpton Fitzroy London,Michatravelling,,,Al,5,15 November 2018,Stunning. Inspiring,"November 2018, travelled on business","What a great hotel. Location is perfect, the design very inspiring and a great choice of restaurants and a great bar, Fitz's. Love the flair and atmosphere of the hotel which is elegantly casual and relaxed grandeur. Am sure will be back soon."
Kimpton Fitzroy London,Travel for Grownups,,,"Denver,",5,16 November 2018,Turn of the Century architecture and a tie to the Titanic,"October 2018, travelled solo","A grand dame facade that stands guard over Russell Square, this historic hotel is perfect for the traveler who enjoys staying in historic landmark buildings.  My room was for a solo traveler and I can only imagine it must have served a butler or ladyâ€™s maid in the past. I was happy to enjoy the deep bathtub and view over the fall treetops of the park even if the room was small. I took the staircase every time with its carved wood bannister and the bronze dragon that is the twin of the one from the Titanic staircase.  For practical purposes, the tube is next door, as well as a small mini mart and a coffee shop that has grab-and-go sandwiches.  A wonderful choice. I would pop in for a meal, tea, or a cocktail at least if you  enjoy historic hotels. "
Kimpton Fitzroy London,PlanesTrainsEverything,50-64,,"Paisley, United",4,16 November 2018,Amazing building in a great location,"September 2018, travelled solo","I dare someone to look at the exterior of this fine building and not be impressed. The staff couldn't have been friendlier. The room was surprisingly small for a 5* property, but perhaps that's just London. There was around 2-3 feet of space around the bed, and when the ironing board was out, you couldn't move at all. The bathroom was stunning. A staff member tried to turn me away from breakfast because they were too busy. I went in anyway and easily found a table. They just didn't want a single diner occupying a table of four."
Kimpton Fitzroy London,yecats59,50-64,man,"Redding, Connecticut,",5,17 November 2018,Absolutely Outstanding. A new Star in London.,"November 2018, travelled solo",
DoubleTree by Hilton Hotel London -Tower of London,PatriciaW2108,,,"Liverpool, United",4,19 November 2018,Loved it!,"November 2018, travelled with friends","So difficult to find a very good hotel in a top London location, and great value for money but this hits the mark! The Savage Garden roof top bar was amazing - fantastic views across the Shard and Tower Bridge. Great breakfast too! Very professional and courteous staff. Usual hotel room gripes...  dim lighting, no mirrors near plugs (grooming), but I would definitely stay here again and no hesitation recommending it to other travellers. "
London House Hotel,NadineV1965,,,"Brussels,",5,28 May 2018,"Second stay here, I'll be back ;)","May 2018, travelled solo",
London House Hotel,Jan L,,,,5,12 November 2018,Lovely Friendly Hotel,"November 2018, travelled with family","On arrival we were greeted at reception by lovely helpful staff. Our room on the ground floor was immaculately clean, room was quite small but suited us. Room had smart phone, coffee making facilities, aircon, safe and hairdryer. Hotel was in a perfect location and we will definitely be booking again next time we are in London. Thanks again to the lovely receptionist who checked us in. "
Kimpton Fitzroy London,Conor C,,,"London, United",5,19 November 2018,What an incredible transformation!,"November 2018, travelled solo","I was once employed here as an event manager in 2007 when it was the Hotel Russell and Yes it was absolutely abysmal!  But now it is incredible.  The hotel is just how I imagined it should look all those years ago. The amazing corner coffee shop was once a storeroom for junk and I am thrilled how it's been brought to life.  The waste of space it use to be really infuriated me.  I love popping in and just breathing in the perfection. The bar is really cool and sexy too, I always bring my friends here for a drink.  Not yet had the chance to check out the bedrooms but next time I have guests I'll get them booked into the Kimpton just so I can have a proper nosy! FANTASTIC TRANSFORMATION OF A GRAND OLD DAME!!!"
London Bridge Hotel,Minwin36,35-49,woman,"Winchester, United",5,17 November 2018,Great location ,November 2018,"Stayed at this hotel as it is right next door to the Shard, Borough Market and very close to London Bridge and the attractions around it. Lovely hotel and a lovely breakfast. Bed was very comfy and the rooms very clean and quiet. "
The Kensington,Eric Smith,,,"East Rockaway, New",5,18 November 2018,First class hotel made for a wonderful trip,"November 2018, travelled as a couple",
London Bridge Hotel,milmol_7,35-49,woman,"Stoke-on-Trent, United",5,18 November 2018,Fabulous hotel great location,"November 2018, travelled as a couple","Location: Right next to the Shard, 2 minute walk from Borough Market and unsurprisingly just a few steps from London Bridge underground station.  Room: comfortable bed, modern fit-out, gowns, slippers, hairdryer, safe etc. A good nights sleep.  Breakfast: superb selection of cereals, cold meats, fruit, all hot breakfast ingredients all buffet-style, good service in the restaurant and everything was fresh. Check-in: we arrived mid morning and although our room wasnâ€™t ready, we were able to check in and leave our bag. Check in and check out was quick and easy. Our bags were then placed in our room while we were out and we were issued our key quickly. Staff: check in and concierge were extremely friendly and professional, a great welcome. We got a great deal for this stay and really hope we can go back again on a future visit to London."
Hilton London Canary Wharf,Inspire60291786844,,,,5,15 November 2018,Work trip,"November 2018, travelled on business",I have been travelling to Canary Wharf for around two months now and look forward to my stays at the Hilton.  Each time I am greeted with friendly staff who always go out their way to meet my requests and put me in my preferred room.  Nothing is ever too much bother for any of the team!
The Kensington,Toreilly123,,,,5,20 November 2018,Fantastic hotel,"November 2018, travelled as a couple",Stayed here a few times and never fails  A very friendly face greets you upon arrival Service is excellent and nothing is too much of a problem Breakfast is excellent  Near to tube station and museums Shopping is also one tube stop away for Harrods or Kings Road you can also take a short stroll either and enjoy the lovely buildings in the area Will always return here when visiting London 
Hilton London Canary Wharf,RoryMorty,35-49,Germany,"Giessen,",5,14 October 2018,Yet another excellent stay,"October 2018, travelled on business","I stayed 5-8 October, 2018, for three nights, for business. I am a regular guest at the Hilton London Canary Wharf, and I cannot recommend this hotel highly enough.  The close proximity to London City Airport (10 min by taxi, with subway options also available) and relatively cheaply (GBP15-20 by taxi, cheaper by ""Tube"") is a big draw-card for me, for business travel. Similarly, close proximity to two London Tube stations thus providing access to the entire London subway network, is very convenient.  The spacious executive lounge has an appropriate selection of drinks and treats available. The staff throughout, from check-in/reception, to concierge, to executive lounge mangers, are all fantastic, and highly efficient, friendly, and professional. The rooms are clean, and I usually try for a Junior Suite, which is wonderfully spacious, and very well appointed, with large windows, and amenities that include a fridge, as well as tea and coffee station. Breakfast is great, both in the downstairs restaurant, as well as in the Executive Lounge. I look very forward to my next stay at the Hilton London Canary Wharf:"
Hilton London Canary Wharf,Linda K,,,"Wimborne, United",5,19 November 2018,Such a convenient location,November 2018,"Our first time at this hotel, but I hope not the last. Larger than average bedroom - loved the complimentary chocolates and mineral water -  that was beautifully quiet, great bathroom that actually had a bath rather than just a shower; excellent choice of food for breakfast; so convenient for the DLR or buses."
Hilton London Canary Wharf,Kaz4477,50-64,woman,"Derby, United",5,17 November 2018,Great Hotel,"November 2018, travelled as a couple","Hilton is always a fab choice, with helpful staff, great food and decent size, clean bedrooms. We stay at this Hilton for any events in at O2 and it never lets us down. Tube nearby and parking available for Â£20 per night. "
London Bridge Hotel,KareandMike,,,"Milton Keynes, United",5,19 November 2018,Comfortable room and tasty breakfast,"November 2018, travelled with friends",My friend and I met in London for a catch up weekend and we had a lovely stay in a large bedroom with very comfortable bed. We had breakfast both mornings and it was delicious. Overall we had a nice stay and would recommend this hotel.
Hilton London Canary Wharf,Shelby B,,,"Dublin,",4,19 November 2018,Large clean room,"November 2018, travelled on business","Rooms very large and clean. Convenient walk to canary wharf financial district. Good room service food, friendly staff and helpful concierge. Recommend for business as a bit out of the city center. Overall a good stay. "
London Bridge Hotel,Cazzaminx,,,,5,2 September 2018,Another perfect stay ðŸ’ž,"August 2018, travelled as a couple","Fifth time here, and just as welcoming as each time before. Great location, independent hotel no chain, and terrific value on their weekend rates. I want to keep it as a secret. Keep it as exclusive as it is, especially for the price. Will certainly be back. "
The Chesterfield Mayfair,PFW401,,,"Hamilton,",2,19 November 2018,Very small rooms,"November 2018, travelled with friends","Staff are very nice and the hotel is in a great location. My only complaint was the size of the room. Very small and the double bed took up most of the room - if you were sitting at the desk working your chair was right against the bed. Bathroom was tiny - you could shave, sit on the toilet and have a bath at the same time. For the amount paid I would expect a larger room. Very disappointing. They also advertise how nice the library is _ I never got to see it as there was a function on all the time I was there. Will not stay there again."
The Chesterfield Mayfair,Sally W,,,,5,17 November 2018,Perfect!!,"November 2018, travelled with friends",So the entire experience was enchantingâ€¦ Breakfast included is extremely nice. Staff extremely welcoming especially Joe!   Received nothing short of superior friendly service.  Just a few blocks from Berkeley Square.
The Chesterfield Mayfair,susan1525,,,"Philadelphia,",5,16 November 2018,Just what we were looking for!,"October 2018, travelled with friends","My husband and I stayed at the Chesterfield Mayfair for 3 nights in late October. I was looking for a hotel where we could truly get a British experience. This hotel totally delivered. It is in a beautiful neighborhood, yet walking distance to tons of restaurants, shops and the Tube.  The rooms were nice, clean and comfortable. Breakfast was very good every morning. We did not have dinner at the hotel but had drinks in the Pub, which was very enjoyable. The service is great at this hotel as well. This will definitely be my go-to hotel when traveling to London in the future."
The Chesterfield Mayfair,Crow44,,,"Los Angeles,",5,23 July 2018,Amazing Hotel and Completely British,"July 2018, travelled as a couple",From the warm smiled greeting from Jozeph upon arrival and throughout our whole stay this Hotel and staff were 5 star.  The property is beautiful and no detail is missed.  My girlfriend and stayed in the study room which I would definitely suggest if you want a Sherlock Holmes feel to your stay. We had an amazing time and the hotel is in a perfect central area for some of the city's major attractions.  We will be back for sure. Thank you Jozeph and everyone that made our stay absolutely perfect.
The Kensington,Dreamer52616859836,,,"Sao Paulo,",5,19 November 2018,Perfect stay,"November 2018, travelled with family","The hotel is very agreable, the staff impaccable and the common rooms a real treat, each with an inviting fire place and confortable chairs and sofa, you can always find a nice corner to sit in. Rooms are charming and decoration is quite pleasing. We had an excellent stay I would highly recommend this hotel. Only small mishap, the size of the beds... they seem like quite small queen beds but their confort ( brilliant pillows..) make up for it."
London Bridge Hotel,AnnaD,,,"Wirral, United",5,19 November 2018,40th birthday weekend break,"November 2018, travelled as a couple","Iâ€™ve just had a lovely weekend break at this hotel to celebrate my 40th birthday and I canâ€™t fault this place at all!  *Convenient location *Luxurious room  *Delicious breakfast *Very friendly & attentive staff *Great value for money - book through hotelâ€™s websites for the best rates All in all, I would recommend this hotel and I will definitely return there on my next visit to London."
The Kensington,lindseylo3,25-34,woman,"Rochester,",5,8 July 2018,luxury boutique hotel,"July 2018, travelled as a couple","The Kensington Hotel was one of my favorite hotels. We've never been to london before, so while searching a hotel to book the neighborhood really drew me to this hotel.  Filled with some of the best restaurants and little french and italian cafes. It was super close to the tube, so we didn't have to use a taxi or uber.(which is super expensive) The hotel staff was super friendly, helpful, and so warm. The breakfast was fresh and delicious. The bar was beautiful but a little pricey. If you ask for a cocktail off the menu you'll pay 20 L per cocktail.  The room was tiny but very clean and everything you needed was in there. My blowdryer didn't work (my fault) and the blowdryer they provided was just awful.  South kensington is a charming area, and very clean.  We cannot wait to come back to The Kensington, all in all it made our trip so much better."
The Kensington,Global05499408352,,,,5,19 November 2018,Good service and beautiful rooms,"November 2018, travelled on business","Good service and beautiful rooms, The hotel design is gorgeous with attention to details. I was with my husband and daughter and they surprised her with a beautiful book and cake with her name on it, and she loved it!"
The Chesterfield Mayfair,GrizzlyMstratford,,,,5,19 November 2018,Just Perfect!,November 2018,"We again had the pleasure of staying at this superb hotel  recently. The staff are so genuinely  warm and friendly. You can see they love working here,The breakfast is sublime, the resident pianist in the bar  is an absolute joy. We hope to return very soon"
Park International Hotel,dinaaz,,,"Dubai, United Arab",1,18 November 2018,disappointment,"November 2018, travelled on business","the hotel rooms are old, small and not well kept! Bathrooms are old and tiny! so small that the hair dryer is on a wall next to the window! and amenities are not of a 4 star. Internet very slow. carpeting in corridors are soooo dirty ! This hotel should be ranked 3 star. very disappointing facility."
Park International Hotel,Fearless30569421277,,,,1,17 November 2018,Disco dungeon,"November 2018, travelled as a couple",We were put into a basement room. The noise from he upstairs disco was so noisy we couldn't sleep. When we complained a staff member came down and offered some earplugs- they knew how noisy it is downstairs but still allocated us a room below he disco. Worst hotel expirence in years. Completwly disappointed. Avoid booking here
Park International Hotel,YourCarGirl,,,"Abbotsford,",5,17 November 2018,Perfect stay!,"November 2018, travelled as a couple","We canâ€™t say enough about this wonderful hotel. We stayed 6 nights and have absolutely no complaints. We had a luxury suite that was simply beautiful, with gorgeous decor, crisp linens, large closet, huge bathroom - and very clean! It overlooked a busy street but wasnâ€™t that noisy. Great location with easy access to everything. Highly recommend!"
Citadines Trafalgar Square London,Chris E,,,"Cardiff, United",5,14 November 2018,Remembrance Weekend,"November 2018, travelled with friends","Very good accommodation in an excellent location for my weekend.Helpful staff, comfortable and spacious rooms (the kitchen spaces have potential!!Would recommend this hotel to my friends without hesitation."
Citadines Trafalgar Square London,Truh16,,,"Ottawa,",5,11 November 2018,"Good Location, clean accomodations","November 2018, travelled as a couple","We spent a week at les Citadines and would definitely go back there again. We had a small studio apartment which was fully equipped with small fridge, microwave, 2 electric burners, and dishes and cutlery for 2 people. The bed was very comfortable, and the accommodations  were very clean. The lobby had 24 hour coffee and tea available to all it's guests with plenty of seating. This hotel is literally a 2 minute walk from Trafalgar Square, and about a 10-15 minute walk to Covent Garden."
Citadines Trafalgar Square London,ang&tom,50-64,man,"Oswestry, United",4,17 November 2018,Great Location,"November 2018, travelled as a couple","We needed a central London hotel for a few days and this was a first stay at an 'apartment' hotel. The location could not be better just off Trafalgar Square, allowing us to walk to many attractions, shops and restaurants. We didn't need the underground once We had a one bed studio, which was fine for two for a few days. The bed was comfortable and everything spotlessly clean. The room came fully equipped with a small kitchenette with fridge, hob, microwave, dishwasher and china for two. The staff were all very helpful and ensured our stay was comfortable, offering extra towels and coat hangers and ready to assist with the wi-fi!. One gripe was the bath/shower, where having a combination always limits each. The bath was not large and the shower not easy to use. A fitted shower with a higher pressure and no bath would be better. And the towels could be larger! Other than that a very good introduction to this type of accommodation."
Park International Hotel,AcademicTraveler1,,,"New York City, New",3,18 November 2018,"Good location, great lobby, mediocre toom",December 2017,"I stayed at Park International Hotel in London for two nights, in a single room. The room was clean but way too small. Still acceptable. What I didn't expect, was the strange smell in the room and the constant humming noise.  The location is great, close to Gloucester Rd. Tube Stations. The hotel lobby is luxurious and the staff are competent. "
Park Plaza London Waterloo,Roam46224404829,,,"Philadelphia,",5,16 November 2018,"Excellent Hotel from Philadelphia, PA","November 2018, travelled with family","Highly recommend.  Hotel was very lovely and very modern.  Very clean and in a great location.  Plenty of places to eat in and near hotel, right out the front door.  Staff was friendly and helpful.  Would definitely book again!"
Citadines Trafalgar Square London,mauronoe,,,Rio De,5,19 November 2018,Location,"November 2018, travelled with family","Excelent locaton and very comfortable apartment. Close to most of the attractions. London Eye, Big Ben and Couvent Garden, National Gallery are all walking distance, like 5 or 10 minutes from the hotel. Pretty close to Underground as well. Very nice staff!!! I would defenetly recomend this hotel.  "
Citadines Trafalgar Square London,Experience770197,,,,5,18 November 2018,"Great Location, Nice Apartments","October 2018, travelled with family",The apartments are clean and comfortable. The location cannot be beat. You will not regret staying here if you are looking to tour London. A lift is available.  The bathtub is quite steep so be cautious if someone in your party is less-abled. 
Ibis London City-Shoreditch,queenfonzy,25-34,woman,,4,9 November 2018,I liked it!,"October 2018, travelled with friends","Yep...I did like it! Friendly staff, food was pretty good and not too badly priced either. Room was quiet and bed was comfortable. It's no frills but it is a relief to turn up somewhere and everything be clean and comfortable (I have stayed in so many dives in London so can be a bit of a lucky dip!) We were welcomed with a complimentary drink as we had to change rooms due to a maintenance issue (which was sorted really quickly and wasn't really much bother). It is super SUPER close to Aldgate East tube station, is a quick walk away from Brick Lane (mmmmm currrryyyy) and was MEGA convenient for a Jack the Ripper Tour that we did. All in all, I was very pleased with this hotel, especially as the night before I'd stayed somewhere considerably less nice for just Â£10 less a night the day before. Go, stay in the Ibis, you know it's the right thing to do!"
Park Plaza London Waterloo,kneeby,,,,5,19 November 2018,Stunning ,"November 2018, travelled on business","Just returned from work meeting at hotel. Hotel is in a fantastic spot, the walk to Euston took me 45mins, 5mins walk to the Thames, 8mins wall to Waterloo  Breakfast was spot on. Room was amazing, clean, spacious, modern  Will be back"
Park Plaza London Waterloo,phoenix12016,65+,,"Dumfries and Galloway, United",4,18 November 2018,Great hotel ,"October 2018, travelled with family",Great hotel for location - across road from tube or a five minute walk to Westminster Bridge And the London eye. Interior very modern and extremely clean. Rooms very comfortable fantastic decor with all mod cons. Very quiet for a good nights sleep. Only let down I felt was the breakfast. Choice limited - but my main grip was it was cold - stone cold. Poor from a hotel rated four stars. Itâ€™s a shame this let it down and apart from this itâ€™s fabulous in every other aspect. 
Park Plaza London Waterloo,Ben W,35-49,man,"Welwyn Garden City, United",5,13 September 2018,"A superb, well-located and well-appointed hotel","August 2018, travelled as a couple",
Ibis London City-Shoreditch,Washeke,35-49,woman,"Salzburg,",5,22 August 2018,A gem in Shoreditch,"October 2017, travelled on business",Lovely ambience! Great staff! Amazing breakfast. Easy to reach from London heathrow. Not far from the London bridge. Bus stop just outside the hotel. The rooms are very clean. They also have an terrific bar with a wide range of drinks
Ibis London City-Shoreditch,bizey,,Manchester,,5,11 November 2018,Superb hotel,"November 2018, travelled with friends", This great modern hotel is in a great location. Next to under ground and a short walk from attractions. Staff are great!  Food is good and very reasonable too! Basic rooms but all youâ€™ll ever need for a trip to see the big city. 
Ibis London City-Shoreditch,Storyteller786323,,,,1,10 November 2018,DIRTY!,"November 2018, travelled on business","Dirty room, in 5 days of stay the room was never vacuumed! The toilet smelled terribly  & the breakfast was very poor with no choices of food.  A false fire alarm woke us up in the midnight and no one ever apologized the next day"
Ibis London City-Shoreditch,80Shelley,,,"Bristol, United",3,12 November 2018,Weekend in London,"November 2018, travelled as a couple","We needed somewhere to stay for an event we were attending in Whitechapel. It was fine for what we needed. It was clean, good location and a good price for London.  The downsides were: the bar prices are expensive, there is little choice at the bar, breakfast wasn't the greatest and it's a bit soulless.  It's perfect for a nights stay in London though."
Crowne Plaza London Kensington,Safari16822542465,,,"Brussels,",4,19 November 2018,Business trip,"November 2018, travelled on business","The disabled room was perfect , the help from the staff was perfect and the breakfast was good.Also housekeeping was very helpffull with making my bed in the way I wanted different from the standard."
Crowne Plaza London Kensington,drkssagar,35-49,man,"Geneva,",4,18 November 2018,A comfortable hotel in central London,"November 2018, travelled on business","This hotel in Kensington is easy to get to from Heathrow via the London tube.  The location is good, with nice eating joints in the vicinity. The Kensington high street is 10 minutes walk from the hotel.  The rooms are comfortable and cosy.  The gym is small but has good equipments.  The staff is friendly and helpful.  Overall, a nice place to stay in central London. "
The Tower,Escape01355884288,,,,4,19 November 2018,Business Trip,"November 2018, travelled on business","Ideal for a business trip, excellent location for the city.Staff friendly and helpfulRooms comfortable and room service delivered quicklyExcellent views from the rooms of Tower Bridge and the Tower of London"
Crowne Plaza London Kensington,michaeldean959,,,"Arlington,",5,18 November 2018,"Crowne Plaza, Close and Convenient","October 2018, travelled solo","What a place!  First of all, one traffic light on the way to the Gloucester Street tube station, which gives direct connections to so many great places in London.  Very close to the Victoria and Albert Museum.  Great location on Cromwell Road.  The Hotel?  Super place, very helpful concierge for recommendations and for making reservations.  Loved the breakfast!  I'll stay there again, that is the highest recommendation I believe."
"Point A Hotel, London Kings Cross St Pancras",Guide62473822501,,,,5,19 November 2018,Great location,"November 2018, travelled with friends",Great hotel small rooms but fun with disco lighting everything was best I imagine this would be the size of a room on a cabin cruise was ideal for quick over night stay could of used more pillows on the double bed but that's just me would deffo recommend to a friend of anyone to stay here 
"Point A Hotel, London Kings Cross St Pancras",caca168,,,"Hong Kong,",4,20 November 2018,Comfortable Stay !,"October 2018, travelled with friends","Comfortable hotel with perfect location near 2 train station (kingâ€™s cross station and St. pancras Station), underground and quite lot of bus route running nearby, so it makes us more easy to travel around London. Hotel lobby look modern and stylish, staffs here are very friendly and always willing to help.  Room was a bit small but still feel okay for two person with comfortable stay. One thing we felt not so convenient was no kettle in the room for tea or hot water even though you can asked for hot water in the lobby coffee bar.  In addition, they will charge 3 pounds for luggage storage which might not happen in other hotels."
"Point A Hotel, London Kings Cross St Pancras",Curiosity55404209703,,,"Limerick,",5,19 November 2018,"Simple, clean, ideal location, happy.","November 2018, travelled with friends","The staff are extremely friendly and kind. Our room was small, but clean and ideal for sleeping & showering. Great location and easy accessible. Would recommend, and already thinking of returning. Overall a nice, enjoyable stay topped with great service."
The Tower,Rachel T,35-49,woman,"Henley-on-Thames, United",3,19 November 2018,Next door to the Tower of London,"November 2018, travelled as a couple","Second time staying here and probably won't be repeated.  I booked it for an anniversary weekend with my husband and we were visiting the Tower of London as part of our weekend.  The location for the Tower of London is great - barely a 10 minute walk to the entrance.  Breakfast was very well handled for the volume of people staying at the hotel - lots of choice and replenishing of items was very quick.  Our room however was a real let down.  Two single beds, a very small room and a very tired bathroom which really lacked some of those essential amenities.  "
The Tower,Jet33790323612,,,"Sliema,",2,19 November 2018,Good location and that is basically it,"November 2018, travelled on business",Good view from room as you get to see the stunning Tower Bridge. Great locationPoor breakfastCozy decor but a bit outdatedI had a room on the 7th floor on the front side which is great but i could hear people talking on the streets. 
"Point A Hotel, London Kings Cross St Pancras",Jackie L,50-64,woman,"Glenrothes, United",5,17 March 2018,Trip to London made simple,"March 2018, travelled with friends","Happier to take a train journey to London, rather than fly. It is so convenient to have such a wonderful value for money, spotlessly clean hotel a mere two minute walk from Kings Cross & st Pancras. The staff are young, lively, professional and efficient. Easy to book in and out. I wouldnâ€™t stay anywhere else. Central to all London amenities via overhead train, underground and bus service. This hotel is perfect. The low cost for central London is a huge added bonus."
The Tower,Voyager56791339362,,,,5,19 November 2018,Amazing location,"November 2018, travelled as a couple","Sadly we only stayed for one night at the Tower Hotel.....I wished I could have stayed longer. The view of Tower Bridge from our room was amazing, the staff were friendly and helpful and it's in a great location. "
"Point A Hotel, London Kings Cross St Pancras",Alexbr55,,,"Vicenza,",5,20 November 2018,Beautiful experience,"November 2018, travelled as a couple","The staff (Fatima, Rachel, Isabella and Arai) was super nice and the place was great. Rooms were clean, the breakfast was very good and the hotel is very central so it's very easy to reach the main attractions. Recommended"
The Tower,Sunshine26012870158,,,"Marbella,",5,20 November 2018,Fantastic,"November 2018, travelled as a couple","Great Hotel , good location and great views to the Marina ... all the staff were very helpful , we loved everything about this Hotel ... great location . The room was very nice comfy bed , just what you need after a full day of walking ."
Crowne Plaza London Kensington,chiqui-7,35-49,woman,"Lucerne,",5,13 October 2018,Great Hotel Best Location ,"October 2018, travelled with family","I selected the Crown Plaza after looking at many reviews. We were not disappointed. The hotel has a great location near the tube station and high streets. The outside of the building is a lovely white Victorian building but inside is modern and stylish. Reception and concierge is efficient and friendly, easy check in and out. The breakfast buffet was plentiful, I really loved the smoothie of the day. The service here was also friendly and competent. The room was modern and comfortable with an excellent bathroom and everything working. We had a room facing the inside garden and was totally quiet, even if we opened the window you can not hear any traffic. Housekeeping was excellent , the room was serviced as we went out and looked amazing on return.  There is a lovely outside garden and restaurant at the back of the property, itâ€™s very relaxing to sit outside. It was a great base for our visit to London and I can recommend it with confidence."
Crowne Plaza London Kensington,M O,,,"London, United",5,19 November 2018,Excellent proerty with a great location and super service from staff!,"November 2018, travelled with family",It's hard to beat the Crowne Plaza Hotel Kensington. The location is great as it's only a one minute walk to the tube station; buses stop right outside the hotel door and the staff and concierge goes beyond the norm to assist you. The hotel got us the exact room we requested with a smile on their face. Breakfast at the lounge was good as well.     We stay at the Crowne Plaza Hotel Kensington every time we visit London and we wouldn't stay anywhere else. You should too!
The Nadler Soho,S K,,Man,,5,11 November 2018,Great Location/Price Soho London,"October 2018, travelled as a couple","Stayed here 4 nights in September-October. Great location, nice , well kept rooms. Contemporary feel. Views aren't great, surrounded by buildings, but walk-able area, not far from Oxford St. and plenty of shopping. Nice park not far from front. Many places to eat near by. A bunch of bars in alley in front of hotel, but we never had an issue. Comfortable bed, plenty of pillows, and very quiet. Temperature control in room seemed to actually do something. Nice sized bathroom, clean. Room was decent size but not huge-one of those rooms you have a few feet on all sides of the bed. Our room had a kitchenette that was usable-though you had to sit on the bed to use it. Staff was great and responsive. Would go back."
The Nadler Soho,belindareiser,,,,3,16 November 2018,"Great location, hotel over-rated","November 2018, travelled on business","This hotel is in a fantastic location for shopping and Soho area.  But the hotel was very disappointing.  The lobby was nice, and staff pleasant and helpful. The room was small, but as expected. The bathroom was nice, but the bed and bedding left a lot to be desired.  Very hard bed, and bedding was a very cheap duvet and foam pillow, with rough sheets.  I had a basement room and the hall way was dingy and in need of painting.  The basement room also smelled musty.  The worst problem was the bed was right up against the window and the cord for the blind had come unattached from the wall and was hanging over the bed.  A clear safety issue, especially if small children were in the room.  I did report this and I'm sure it was taken care of, but this is right over the bed so really should have been noticed by housekeeping as they were changing sheets and taken care of prior to my arrival.  This could be a nice a hotel if they just upgraded the bed and bedding."
The Nadler Soho,Aviv B,,Man,"Hadera,",5,12 November 2018,Great as usual,"November 2018, travelled as a couple","The staff were great and helpful as always. We return here because of the good atmosphere and the excellent location. Being so close to Oxford, several tube stations etc. is worth a lot and a huge timesaver on the trip. "
The Nadler Soho,keith r,,Man,"Birmingham, United",5,12 November 2018,Outstanding,"November 2018, travelled as a couple","Stayed here over a long weekend. Very nice greeting and welcome at reception, a nice glass of prosecco, ideally situated in the centre of soho within easy walking distance of Oxford st, and tottenham court road tube station. The rooms were spotless and very comfortable (massive very comfortable bed) our room has its own tea and coffee making failities, plenty of room for clothes a large room safe, iron and ironing board.A large shower(brilliant), and very modern decour...all in all a very very nice hotel stay."
The Nadler Soho,Navigate41293454548,,,,5,18 November 2018,Best ever in London,"November 2018, travelled with family","Nadler Soho hotel was my best experience in London. As a frequent traveler I appreciated everything in this CENTRAL, though QUIET hotel!!!  A boutique, modern chic equipped CLEAN rooms. Best reception people, kind swwet and attending from first moment of stepping in until the very last min of stay. Thank you to you all; SANDRA (also for upgrading us- it was a great beutiful surprise), AYSHILA, and CARMEN who was ever ever so sweet and helpful. Definitely be back!"
Amba Hotel Charing Cross,Estella2009,,,"Island of Malta,",4,17 November 2018,A luxurious ambience Amba in central location,"November 2018, travelled with family",The hotel reception and main areas are grander and more luxurious when compared to other Amba hotels.Rooms are the same Amba standard rooms- clean and spacious. Location is central- just off Trafalgar Square. Breakfast has ample choice. Rooms facing front of hotel have better view.
Amba Hotel Charing Cross,OphthalmicEye,50-64,"Manchester,","Manchester, United",4,17 November 2018,Nice hotel but got trapped in shower!,"November 2018, travelled on business",I have stayed in this hotel before. It is good and great location. All good but i got trapped in shower as shower door too narrow. This was unpleasant!I hope this matter is attended to.Also the telephone in my room was broken so i could not call out  
The Grosvenor Hotel,Vacation05733698445,,,,4,20 November 2018,overnight stay,"November 2018, travelled as a couple","ideally situated hotel, easy to get to using London transport. Very central for sightseeing. Bedroom size was adequate & very comfortable. Staff were helpful in pointing us in the right direction & gave us a map to assist."
Amba Hotel Charing Cross,YW4YW,50-64,woman,"Bristol, United",5,19 November 2018,A great hotel where the little things count,"November 2018, travelled as a couple","We loved this hotel. Its location is great. The welcome warm and friendly. The room was clean, quiet and comfortable. Everything you would expect from a hotel but what makes this hotel stand out is the little things. On arrival, having spent a long time in the car thanks to a protest, we were very thirsty, so the complimentary bottle of water offered at check in was very welcome. As a tea drinker, the fresh milk for the fridge in the room was another plus. The complimentary snacks were not just any snacks but quality - Blacks chocolate, flapjack, crisps and cans of coke. Wifi without a code, slippers, good quality bathroom products, the list goes on. We had a fabulous nights sleep and wouldn't hesitate to stay again next time we are in London."
Amba Hotel Charing Cross,NorthStar03711789971,,,,4,18 November 2018,Weekend,"November 2018, travelled on business","We had a very nice weekend, we didnâ€™t spend that much time in the hotel since we attended a seminar in the area. The room was good and the location of the hotel perfect regarding both our seminar but also coming in from the airport. "
Amba Hotel Charing Cross,Dawn L,,"Manchester,","Greater Manchester, United",5,19 November 2018,Excellent location,"November 2018, travelled on business","Perfect overnight stay at the amba hotel for a business meetingHigh quality surroundings, accommodation, room and food. Breakfast was delft service buffet style. Excellent location right next to tube. station. Complimentary non alcoholic mini bar in room and hot beverages. "
The Grosvenor Hotel,Seaside52445178309,,,"Amsterdam, The",3,19 November 2018,Nice hotel,"November 2018, travelled with friends","The main hall was just stunning! Location was perfect! Near Victoria Station, but we didn't hear it, no noise.We ordered room service, but to be honest we expected more from the food, tastes a bit average, and we have had better.Most of the staff was really friendly, and gave a nice smile when you pass. The bathroom was in our room also a bit average, but it was clean though and that is the most important. I found it a bit to expensive for what we got, bit maybe we just had a bit of bad luck. "
The Grosvenor Hotel,Tour07655621220,,,"Tamworth, United",5,19 November 2018,AN EXCELLENT TRIP DOWN MEMORY LANE,"November 2018, travelled as a couple",Just as beautiful as it was on our wedding night sixty years ago. Hotel still retains its beauty together with all the modern conveniences of modern day living . Fantastic staff . Hope we can make it again 
The Grosvenor Hotel,Sharon M,50-64,woman,"Rugby, United",5,20 November 2018,Great hotel,"November 2018, travelled as a couple","We stayed at the Grosvenor Victoria to attend a trip on the Belmond Pullman. The hotel was absolutely stunning, the architecture was amazing. On arrival a little disappointed that they didn't have a doorman, which is unusual for London's larger hotels. However the staff were very attentive and couldn't do enough to help. We booked in and our room was very nice. We had the accessible room, which was excellent. Plenty of room to move around and a wet room that was very easy to use. We ate at lunch time in the restaurant and it was good food, reasonably priced for London and plentiful. We didn't bother with breakfast as still full from our dinner the night before. Hotel was very clean. We had room at the back of the hotel overlooking the station, and we were amazed at how quitet it was. We had a great night's sleep and the bed was very comfortable. All in all a great hotel and a good stay. We will be returning and have booked for next year when we go on our cruise."
The Grosvenor Hotel,jsaNorthYorkshire,,,North,4,19 November 2018,Welcoming & polite staff,"November 2018, travelled solo","Both reception  & Concierge staff were most helpful. Excellent breakfast (did not take dinner). Room clean, tidy & comfortable. (only a short walk from the lift). bathroom was adequate for me but could have been seen has a little too small if 2 people were using it. The room was full of everything you might want including ironing board & iron. My stay was enjoyable & met what I needed., although I should consider what I paid for 2 nights, should have included breakfast."
